study	group	count	intervention	measurement_type	substance	tissue	method	label	time	time_unit	mean	median	min	max	mean_sd	ci	mean_se	cv	comments	mean_unit	median_unit
Nauck2014	DUL15	304.0	DUL15	hba1c		plasma	NR	hba1c_DUL15	0.0	week	8.12705890513489									percent	percent
Nauck2014	DUL15	304.0	DUL15	hba1c		plasma	NR	hba1c_DUL15	4.0	week	7.35999996553309									percent	percent
Nauck2014	DUL15	304.0	DUL15	hba1c		plasma	NR	hba1c_DUL15	8.0	week	6.97176468535426									percent	percent
Nauck2014	DUL15	304.0	DUL15	hba1c		plasma	NR	hba1c_DUL15	12.0	week	6.771764836147				0.779471161484575		0.0447057371357307			percent	percent
Nauck2014	DUL15	304.0	DUL15	hba1c		plasma	NR	hba1c_DUL15	26.0	week	6.72470587069501				0.984598314249743		0.0564705862078307			percent	percent
Nauck2014	DUL15	304.0	DUL15	hba1c		plasma	NR	hba1c_DUL15	39.0	week	6.84000005600873				0.984598314249558		0.0564705862078201			percent	percent
Nauck2014	DUL15	304.0	DUL15	hba1c		plasma	NR	hba1c_DUL15	52.0	week	6.82823542235483				1.10767310353081		0.0635294094838006			percent	percent
