study	group	count	intervention	measurement_type	substance	tissue	method	label	time	time_unit	mean	median	min	max	mean_sd	mean_se	cv	comments	mean_unit	median_unit
Giorgino2015	DUL15	273.0	DUL15	hba1c		plasma	NR	hba1c_DUL15	0.0	week	8.17489178976138				0.953692534272482	0.0577200979442392			percent	percent
Giorgino2015	DUL15	273.0	DUL15	hba1c		plasma	NR	hba1c_DUL15	14.0	week	6.93102458402132				0.810636580445819	0.0490619577474298			percent	percent
Giorgino2015	DUL15	273.0	DUL15	hba1c		plasma	NR	hba1c_DUL15	26.0	week	6.96277052559655				0.762954900548922	0.0461761311996796			percent	percent
Giorgino2015	DUL15	273.0	DUL15	hba1c		plasma	NR	hba1c_DUL15	35.0	week	7.02049075565151				1.00137639699672	0.06060605660271			percent	percent
Giorgino2015	DUL15	273.0	DUL15	hba1c		plasma	NR	hba1c_DUL15	44.0	week	7.07243880416812				0.906004305893782	0.0548338750643405			percent	percent
Giorgino2015	DUL15	273.0	DUL15	hba1c		plasma	NR	hba1c_DUL15	52.0	week	7.08975482034032				0.953690351445156	0.0577199658335195			percent	percent
Giorgino2015	DUL15	273.0	DUL15	hba1c		plasma	NR	hba1c_DUL15	65.0	week	7.25137088320705				1.09674412244483	0.0663779739196295			percent	percent
Giorgino2015	DUL15	273.0	DUL15	hba1c		plasma	NR	hba1c_DUL15	78.0	week	7.28023099823453				1.14443016799623	0.0692640646888103			percent	percent
